Ace,#fffce9,#0961f6
Admiral,#fffce9,#0ca54a
Agent_S,#fffce9,#0961f6
Agnes,#fffce9,#515151
Al,#fffad4,#798040
Alfonso,#fffce9,#e8b010
Alice,#fffce9,#e8b010
Alli,#fffce9,#3fd8e0
Amelia,#fffad4,#ff4040
Anabelle,#fff2bb,#ff791f
Anchovy,#fffce9,#d86808
Angus,#fff2bb,#ff791f
Anicotti,#28665a,#78dd62
Ankha,#9b8986,#fff80d
Annalisa,#848484,#ffffff
Annalise,#eac113,#7c6559
Antonio,#879b96,#fff98f
Apollo,#848484,#ffffff
Apple,#fffce9,#ff6183
Astrid,#848484,#ffffff
Audie,#fff2bb,#ff791f
Aurora,#848484,#ffffff
Ava,#fffce9,#e8b010
Avery,#fffce9,#c0ab72
Axel,#fffce9,#459aba
Azalea,#fffce9,#00d1bd
Baabara,#fffad4,#8bcdea
Bam,#fffce9,#0961f6
Bangle,#fffce9,#7a2500
Barold,#5e5e5e,#bfbfbf
Bea,#fffce9,#a87850
Beardo,#fffce9,#3fd8e0
Beau,#fff2bb,#ff791f
Becky,#fffce9,#a06fce
Bella,#848484,#ffffff
Benedict,#fffad4,#ff4040
Benjamin,#9b553a,#ffd00d
Bertha,#fffce9,#00d1bd
Bettina,#fff2bb,#ff791f
Bianca,#848484,#ffffff
Biff,#fffce9,#7a2500
Big_Top,#28665a,#78dd62
Bill,#fffce9,#7a2500
Billy,#fffce9,#d86808
Biskit,#874c25,#ffaa3b
Bitty,#fffce9,#f993ce
Blaire,#fffce9,#515151
Blanche,#848484,#ffffff
Bluebear,#fffce9,#3fd8e0
Bob,#fffce9,#a06fce
Bonbon,#eac113,#7c6559
Bones,#848484,#ffffff
Boomer,#fffad4,#798040
Boone,#874c25,#ffaa3b
Boots,#fffce9,#0ca54a
Boris,#fffad4,#194c89
Boyd,#fffce9,#7a2500
Bree,#848484,#ffffff
Broccolo,#fffce9,#55cfff
Broffina,#fff2bb,#ff791f
Bruce,#fffce9,#459aba
Bubbles,#fffce9,#e8b010
Buck,#fffad4,#798040
Bud,#fffce9,#d86808
Bunnie,#fff2bb,#ff791f
Butch,#874c25,#ffaa3b
Buzz,#fffce9,#d86808
Cally,#fffce9,#c0ab72
Camofrog,#fffce9,#76b788
Canberra,#fff2bb,#ff791f
Candi,#fffce9,#ff6183
Carmen,#fffce9,#7a2500
Caroline,#fff2bb,#ff791f
Carrie,#fffce9,#e8b010
Cashmere,#85a2af,#bff2ff
Celia,#848484,#ffffff
Cephalobot,#5e5e5e,#bfbfbf
Cesar,#fff2bb,#ff791f
Chabwick,#fffad4,#194c89
Chadder,#9b553a,#ffd00d
Chai,#52b8ec,#cefdff
Charlise,#28665a,#78dd62
Chelsea,#fff9f9,#feaaaa
Cheri,#fffce9,#db6161
Cherry,#fffce9,#ff6183
Chester,#848484,#ffffff
Chevre,#848484,#ffffff
Chief,#874c25,#ffaa3b
Chops,#8b5f57,#d8cc39
Chow,#634b4b,#f2bdc7
Chrissy,#fffce9,#f993ce
Claude,#fffce9,#d86808
Claudia,#fffce9,#ec7efc
Clay,#fffce9,#7a2500
Cleo,#fffce9,#a06fce
Clyde,#8b5f57,#d8cc39
Coach,#9b553a,#ffd00d
Cobb,#878e86,#a8e989
Coco,#fffce9,#e4b887
Cole,#fffce9,#515151
Colton,#848484,#ffffff
Cookie,#fffce9,#f993ce
Cousteau,#9b553a,#ffd00d
Cranston,#848484,#ffffff
Croque,#fff2bb,#ff791f
Cube,#fffce9,#515151
Curlos,#9b553a,#ffd00d
Curly,#fffce9,#f993ce
Curt,#fffce9,#515151
Cyd,#fffad4,#ff4040
Cyrano,#fffad4,#194c89
Daisy,#879b96,#fff98f
Deena,#fffad4,#798040
Deirdre,#4b4496,#ddcdca
Del,#9ae8df,#6b75ce
Deli,#fffce9,#c0ab72
Derwin,#fffce9,#0961f6
Diana,#725661,#ffebff
Diva,#fffce9,#a06fce
Dizzy,#fffce9,#7fa9ff
Dobie,#fffad4,#798040
Doc,#fffce9,#0961f6
Dom,#97858e,#feeae7
Dora,#848484,#ffffff
Dotty,#848484,#ffffff
Drago,#28665a,#78dd62
Drake,#fffce9,#459aba
Drift,#fff2bb,#ff791f
Ed,#fffce9,#55cfff
Egbert,#9b553a,#ffd00d
Elise,#8b5f57,#d8cc39
Ellie,#fffce9,#c0ab72
Elmer,#fffce9,#d86808
Eloise,#9b553a,#ffd00d
Elvis,#9b553a,#ffd00d
Erik,#fffce9,#e8b010
Étoile,#ffd7eb,#b99fff
Eugene,#fffce9,#4c3317
Eunice,#fffad4,#194c89
Faith,#fff2bb,#ff791f
Fang,#4b4496,#ddcdca
Fauna,#fffce9,#7a2500
Felicity,#879b96,#fff98f
Filbert,#fffce9,#55cfff
Flip,#fff2bb,#ff791f
Flo,#9ae8df,#6b75ce
Flora,#fffce9,#ff6183
Flurry,#848484,#ffffff
Francine,#fffce9,#3fd8e0
Frank,#28665a,#78dd62
Freckles,#fffce9,#ff6183
Frett,#9b8986,#fff80d
Freya,#fffce9,#ff6183
Friga,#634b4b,#f2bdc7
Frita,#874c25,#ffaa3b
Frobert,#219479,#87e0a9
Fuchsia,#fffce9,#f993ce
Gabi,#848484,#ffffff
Gala,#97858e,#feeae7
Gaston,#9b553a,#ffd00d
Gayle,#fffce9,#f993ce
Genji,#848484,#ffffff
Gigi,#fffce9,#a06fce
Gladys,#848484,#ffffff
Gloria,#848484,#ffffff
Goldie,#879b96,#fff98f
Gonzo,#5e5e5e,#bfbfbf
Goose,#848484,#ffffff
Graham,#9b553a,#ffd00d
Greta,#848484,#ffffff
Grizzly,#eac113,#7c6559
Groucho,#fffad4,#194c89
Gruff,#28665a,#78dd62
Gwen,#fffce9,#7352e8
Hamlet,#9b553a,#ffd00d
Hamphrey,#fffce9,#515151
Hans,#848484,#ffffff
Harry,#fffce9,#e8b010
Hazel,#874c25,#ffaa3b
Henry,#28665a,#78dd62
Hippeux,#8b5f57,#d8cc39
Hopkins,#fffce9,#55cfff
Hopper,#fffce9,#515151
Hornsby,#fffce9,#0961f6
Huck,#fffce9,#515151
Hugh,#fffce9,#0961f6
Iggly,#848484,#ffffff
Ike,#fffce9,#4c3317
Ione,#fffad4,#8bcdea
Jacob,#848484,#ffffff
Jacques,#fffad4,#194c89
Jambette,#fffce9,#0ca54a
Jay,#9ae8df,#6b75ce
Jeremiah,#fffce9,#55cfff
Jitters,#28665a,#78dd62
Joey,#9b553a,#ffd00d
Judy,#725661,#ffebff
Julia,#fffce9,#0ca54a
Julian,#fffce9,#3fd8e0
June,#fffce9,#c0ab72
Kabuki,#848484,#ffffff
Katt,#fffce9,#a87850
Keaton,#fffce9,#3fd8e0
Ken,#9ae8df,#6b75ce
Ketchup,#fffad4,#ff4040
Kevin,#874c25,#ffaa3b
Kid_Cat,#fffad4,#ff4040
Kidd,#4f5d72,#d9d9ff
Kiki,#fffce9,#515151
Kitt,#fffce9,#c0ab72
Kitty,#fffce9,#c0ab72
Klaus,#498992,#acc8cf
Knox,#8b5f57,#d8cc39
Kody,#fffce9,#55cfff
Kyle,#fffce9,#e8b010
Leonardo,#9b553a,#ffd00d
Leopold,#fffce9,#e4b887
Lily,#fffce9,#00d1bd
Limberg,#874c25,#ffaa3b
Lionel,#fffce9,#e4b887
Lobo,#fffce9,#7352e8
Lolly,#85a2af,#bff2ff
Lopez,#fffce9,#e8b010
Louie,#fffce9,#d86808
Lucha,#fffad4,#ff4040
Lucky,#848484,#ffffff
Lucy,#848484,#ffffff
Lyman,#878e86,#a8e989
Mac,#fffce9,#e8b010
Maddie,#fffce9,#e8b010
Maelle,#9b553a,#ffd00d
Maggie,#9b553a,#ffd00d
Mallary,#fffce9,#a06fce
Maple,#fffce9,#a87850
Marcel,#848484,#ffffff
Marcie,#fffce9,#f993ce
Margie,#848484,#ffffff
Marina,#fffce9,#f993ce
Marlo,#fffce9,#515151
Marshal,#848484,#ffffff
Marty,#9a543a,#f8e880
Mathilda,#fffce9,#515151
Megan,#fffce9,#ec7efc
Melba,#fffce9,#e4b887
Merengue,#634b4b,#f2bdc7
Merry,#879b96,#fff98f
Midge,#fffce9,#ec7efc
Mint,#219479,#87e0a9
Mira,#9b8986,#fff80d
Miranda,#fffce9,#ec7efc
Mitzi,#fffce9,#7fa9ff
Moe,#fffce9,#0961f6
Molly,#fffce9,#e8b010
Monique,#879b96,#fff98f
Monty,#498992,#acc8cf
Moose,#fffce9,#7fa9ff
Mott,#8b5f57,#d8cc39
Muffy,#fffce9,#515151
Murphy,#28665a,#78dd62
Nan,#fffce9,#515151
Nana,#fffce9,#ec7efc
Naomi,#fffce9,#3fd8e0
Nate,#fffce9,#e8b010
Nibbles,#fffce9,#00d1bd
Norma,#634b4b,#f2bdc7
O'Hare,#fffce9,#7a2500
Octavian,#fffad4,#ff4040
Olaf,#fff2bb,#ff791f
Olive,#5e5e5e,#bfbfbf
Olivia,#848484,#ffffff
Opal,#219479,#87e0a9
Ozzie,#5e5e5e,#bfbfbf
Pancetti,#fffce9,#e2856b
Pango,#fffce9,#00d1bd
Paolo,#fffce9,#f993ce
Papi,#fffce9,#d86808
Pashmina,#fffce9,#e2856b
Pate,#fffad4,#8bcdea
Patty,#fffce9,#7a2500
Paula,#fffce9,#e8b010
Peaches,#fffce9,#f993ce
Peanut,#fffce9,#ec7efc
Pecan,#fffce9,#7a2500
Peck,#fffce9,#4c3317
Peewee,#fffce9,#7fa9ff
Peggy,#fffce9,#e4b887
Pekoe,#848484,#ffffff
Penelope,#fffce9,#c0ab72
Petri,#725661,#ffebff
Phil,#fffce9,#7352e8
Phoebe,#fff2bb,#ff791f
Pierce,#fffce9,#55cfff
Pietro,#fffad4,#ff4040
Pinky,#879b96,#fff98f
Piper,#848484,#ffffff
Pippy,#879b96,#fff98f
Plucky,#eac113,#7c6559
Pompom,#848484,#ffffff
Poncho,#fffad4,#194c89
Poppy,#fffce9,#db6161
Portia,#848484,#ffffff
Prince,#28665a,#78dd62
Puck,#fffce9,#0961f6
Puddles,#fffce9,#ff6183
Pudge,#fff2bb,#ff791f
Punchy,#848484,#ffffff
Purrl,#848484,#ffffff
Queenie,#fffce9,#a06fce
Quillson,#fffce9,#76b788
Quinn,#4f5d72,#d9d9ff
Raddle,#fffce9,#515151
Rasher,#fffad4,#951d43
Raymond,#498992,#acc8cf
Renée,#fffce9,#ec7efc
Reneigh,#fffce9,#76494e
Rex,#874c25,#ffaa3b
Rhonda,#848484,#ffffff
Ribbot,#5e5e5e,#bfbfbf
Ricky,#9b553a,#ffd00d
Rilla,#fff6f6,#ff3339
Rio,#fffad4,#ff4040
Rizzo,#fffad4,#8bcdea
Roald,#fffad4,#194c89
Robin,#9ae8df,#6b75ce
Rocco,#219479,#87e0a9
Rocket,#fffce9,#f993ce
Rod,#fffce9,#ec7efc
Rodeo,#fffce9,#515151
Rodney,#fffce9,#459aba
Rolf,#848484,#ffffff
Rooney,#fffce9,#3fd8e0
Rory,#fff2bb,#ff791f
Roscoe,#fffce9,#515151
Rosie,#fffce9,#7fa9ff
Roswell,#fffce9,#4c3317
Rowan,#fff2bb,#ff791f
Ruby,#848484,#ffffff
Rudy,#fffce9,#7a2500
Sally,#fff2bb,#ff791f
Samson,#498992,#acc8cf
Sandy,#fff2bb,#ff791f
Sasha,#fffce9,#00d1bd
Savannah,#848484,#ffffff
Scoot,#28665a,#78dd62
Shari,#5e5e5e,#bfbfbf
Sheldon,#874c25,#ffaa3b
Shep,#fffce9,#c0ab72
Sherb,#85a2af,#bff2ff
Shino,#848484,#ffffff
Simon,#8b5f57,#d8cc39
Skye,#fffce9,#3fd8e0
Sly,#fffce9,#e8b010
Snake,#fffce9,#f993ce
Snooty,#634b4b,#f2bdc7
Soleil,#fff2bb,#ff791f
Sparro,#fffce9,#7a2500
Spike,#fff2bb,#ff791f
Spork,#fffce9,#e4b887
Sprinkle,#fffce9,#00d1bd
Sprocket,#fffce9,#0ca54a
Static,#fffce9,#a06fce
Stella,#fffad4,#951d43
Sterling,#5e5e5e,#bfbfbf
Stinky,#8b5f57,#d8cc39
Stitches,#874c25,#ffaa3b
Stu,#9ae8df,#6b75ce
Sydney,#fffce9,#7352e8
Sylvana,#fffce9,#c0ab72
Sylvia,#fffce9,#a06fce
T-Bone,#498992,#acc8cf
Tabby,#fff2bb,#ff791f
Tad,#fffce9,#76b788
Tammi,#9b553a,#ffd00d
Tammy,#9b8986,#fff80d
Tangy,#9b553a,#ffd00d
Tank,#fffad4,#8bcdea
Tasha,#fffad4,#194c89
Teddy,#fff2bb,#ff791f
Tex,#fffad4,#194c89
Tia,#848484,#ffffff
Tiansheng,#fff2bb,#ff791f
Tiffany,#848484,#ffffff
Timbra,#fffce9,#d86808
Tipper,#848484,#ffffff
Toby,#479b78,#fce229
Tom,#fffce9,#0961f6
Truffles,#fffce9,#f993ce
Tucker,#fffce9,#e8b010
Tutu,#848484,#ffffff
Twiggy,#9b8986,#fff80d
Tybalt,#9b553a,#ffd00d
Ursala,#634b4b,#f2bdc7
Velma,#fffce9,#ff6183
Vesta,#848484,#ffffff
Vic,#fffce9,#c0ab72
Victoria,#8b5f57,#d8cc39
Violet,#fffce9,#ec7efc
Vivian,#fffce9,#e4b887
Vladimir,#fffce9,#ff6183
Wade,#848484,#ffffff
Walker,#848484,#ffffff
Walt,#498992,#acc8cf
Wart_Jr.,#fffce9,#d86808
Weber,#fffce9,#a87850
Wendy,#fffce9,#55cfff
Whitney,#85a2af,#bff2ff
Willow,#879b96,#fff98f
Winnie,#fffce9,#c0ab72
Wolfgang,#fffad4,#194c89
Yuka,#fffad4,#194c89
Zell,#fffce9,#4c3317
Zoe,#fffce9,#00d1bd
Zucker,#fffce9,#e4b887